<?xml version = '1.0' encoding = 'UTF-8'?>
<Relation class="oracle.dbtools.crest.model.design.logical.Relation" name="Relation_35" directorySegmentName="seg_0" id="02DB328E-B25E-3396-8725-07BC6F09D2D1">
<createdBy>OLCIA</createdBy>
<createdTime>2017-10-13 12:39:11 UTC</createdTime>
<ownerDesignName>bazaDanychP</ownerDesignName>
<engineerTo>
<item key="CF059FC9-7768-4242-A27B-821D2F5BC2F2" value="true"/>
</engineerTo>
<sourcePk>6626D706-1A29-7E85-DD99-A8F5121B90D7</sourcePk>
<identifying>false</identifying>
<optionalSource>true</optionalSource>
<optionalTarget>false</optionalTarget>
<sourceCardinality>1</sourceCardinality>
<sourceEntity>25F594D4-C5BD-4E7B-C935-DB3E0E9A1761</sourceEntity>
<targetCardinalityString>*</targetCardinalityString>
<targetEntity>35F1893B-5A5E-9C2F-DD04-511C367620CD</targetEntity>
<transferable>true</transferable>
<deleteRule>NO ACTION</deleteRule>
</Relation>