<?xml version = '1.0' encoding = 'UTF-8'?>
<Relation class="oracle.dbtools.crest.model.design.logical.Relation" name="Relation_33" directorySegmentName="seg_0" id="13EDD78F-1187-E972-150A-4400CE741BD6">
<createdBy>OLCIA</createdBy>
<createdTime>2017-10-13 12:27:13 UTC</createdTime>
<ownerDesignName>bazaDanychP</ownerDesignName>
<engineerTo>
<item key="CF059FC9-7768-4242-A27B-821D2F5BC2F2" value="true"/>
</engineerTo>
<identifying>false</identifying>
<optionalSource>true</optionalSource>
<optionalTarget>false</optionalTarget>
<sourceCardinality>*</sourceCardinality>
<sourceEntity>BFB2E390-9D68-2DA4-568E-B4A374B23355</sourceEntity>
<targetCardinalityString>*</targetCardinalityString>
<targetEntity>295E39E5-5CF3-7FF6-4D7D-53AAF16713C6</targetEntity>
<transferable>true</transferable>
<deleteRule>NO ACTION</deleteRule>
</Relation>