<?xml version = '1.0' encoding = 'UTF-8'?>
<Relation class="oracle.dbtools.crest.model.design.logical.Relation" name="Relation_19" directorySegmentName="seg_0" id="1FFB90AA-2387-0808-EF0E-51C349189885">
<createdBy>OLCIA</createdBy>
<createdTime>2017-10-11 20:23:43 UTC</createdTime>
<ownerDesignName>bazaDanychP</ownerDesignName>
<engineerTo>
<item key="CF059FC9-7768-4242-A27B-821D2F5BC2F2" value="true"/>
</engineerTo>
<sourcePk>71C58AEB-DAD4-DF10-A326-AD32C12F4189</sourcePk>
<identifying>false</identifying>
<optionalSource>true</optionalSource>
<optionalTarget>false</optionalTarget>
<sourceCardinality>1</sourceCardinality>
<sourceEntity>DF32F686-5D89-3711-C10C-28AF06F3F3FB</sourceEntity>
<targetCardinalityString>*</targetCardinalityString>
<targetEntity>5B59D821-B343-FAE4-240B-EBA22EE8791C</targetEntity>
<transferable>true</transferable>
<deleteRule>NO ACTION</deleteRule>
</Relation>