<?xml version = '1.0' encoding = 'UTF-8'?>
<Relation class="oracle.dbtools.crest.model.design.logical.Relation" name="Relation_18" directorySegmentName="seg_0" id="22EB6263-FA76-4BA6-B5D3-D340E41ADDB1">
<createdBy>OLCIA</createdBy>
<createdTime>2017-10-11 20:23:25 UTC</createdTime>
<ownerDesignName>bazaDanychP</ownerDesignName>
<engineerTo>
<item key="CF059FC9-7768-4242-A27B-821D2F5BC2F2" value="true"/>
</engineerTo>
<sourcePk>71C58AEB-DAD4-DF10-A326-AD32C12F4189</sourcePk>
<identifying>false</identifying>
<optionalSource>true</optionalSource>
<optionalTarget>false</optionalTarget>
<sourceCardinality>1</sourceCardinality>
<sourceEntity>DF32F686-5D89-3711-C10C-28AF06F3F3FB</sourceEntity>
<targetCardinalityString>1</targetCardinalityString>
<targetEntity>BFB2E390-9D68-2DA4-568E-B4A374B23355</targetEntity>
<transferable>true</transferable>
<deleteRule>NO ACTION</deleteRule>
</Relation>