<?xml version = '1.0' encoding = 'UTF-8'?>
<Relation class="oracle.dbtools.crest.model.design.logical.Relation" name="Relation_7" directorySegmentName="seg_0" id="2929F200-76F8-D43B-9F08-906F01BE6FC3">
<createdBy>OLCIA</createdBy>
<createdTime>2017-10-11 20:19:45 UTC</createdTime>
<ownerDesignName>bazaDanychP</ownerDesignName>
<engineerTo>
<item key="CF059FC9-7768-4242-A27B-821D2F5BC2F2" value="true"/>
</engineerTo>
<sourcePk>FE38989E-68E7-4A4A-53DA-E7DF5856A492</sourcePk>
<identifying>false</identifying>
<optionalSource>true</optionalSource>
<optionalTarget>false</optionalTarget>
<sourceCardinality>1</sourceCardinality>
<sourceEntity>5B59D821-B343-FAE4-240B-EBA22EE8791C</sourceEntity>
<targetCardinalityString>1</targetCardinalityString>
<targetEntity>35F1893B-5A5E-9C2F-DD04-511C367620CD</targetEntity>
<transferable>true</transferable>
<deleteRule>NO ACTION</deleteRule>
</Relation>