<?xml version = '1.0' encoding = 'UTF-8'?>
<Relation class="oracle.dbtools.crest.model.design.logical.Relation" name="Relation_12" directorySegmentName="seg_0" id="2FA5D508-CEA1-9204-5A91-BB7A074DFA12">
<createdBy>OLCIA</createdBy>
<createdTime>2017-10-11 20:21:46 UTC</createdTime>
<ownerDesignName>bazaDanychP</ownerDesignName>
<engineerTo>
<item key="CF059FC9-7768-4242-A27B-821D2F5BC2F2" value="true"/>
</engineerTo>
<sourcePk>4E615953-852C-2036-DA40-D1B3690DDE16</sourcePk>
<identifying>true</identifying>
<optionalSource>true</optionalSource>
<optionalTarget>false</optionalTarget>
<sourceCardinality>1</sourceCardinality>
<sourceEntity>295E39E5-5CF3-7FF6-4D7D-53AAF16713C6</sourceEntity>
<targetCardinalityString>*</targetCardinalityString>
<targetEntity>BFB2E390-9D68-2DA4-568E-B4A374B23355</targetEntity>
<transferable>true</transferable>
<deleteRule>NO ACTION</deleteRule>
</Relation>