<?xml version = '1.0' encoding = 'UTF-8'?>
<Relation class="oracle.dbtools.crest.model.design.logical.Relation" name="Relation_3" directorySegmentName="seg_0" id="4B1DA9C6-1F85-22BE-D0FA-E6DDD26477BC">
<createdBy>OLCIA</createdBy>
<createdTime>2017-10-11 20:18:24 UTC</createdTime>
<ownerDesignName>bazaDanychP</ownerDesignName>
<engineerTo>
<item key="CF059FC9-7768-4242-A27B-821D2F5BC2F2" value="true"/>
</engineerTo>
<sourcePk>9EC85833-D0C1-66DD-9300-C220C4F4DB1C</sourcePk>
<identifying>false</identifying>
<optionalSource>true</optionalSource>
<optionalTarget>false</optionalTarget>
<sourceCardinality>1</sourceCardinality>
<sourceEntity>2084DD60-DB7B-A889-77D6-B84D809B7071</sourceEntity>
<targetCardinalityString>*</targetCardinalityString>
<targetEntity>F8465AC1-3917-A74F-226F-E95168A1F7CB</targetEntity>
<transferable>true</transferable>
<deleteRule>NO ACTION</deleteRule>
</Relation>