<?xml version = '1.0' encoding = 'UTF-8'?>
<Relation class="oracle.dbtools.crest.model.design.logical.Relation" name="Relation_28" directorySegmentName="seg_0" id="7AA5AC9D-FC6B-67F9-9529-AC3833DFA69D">
<createdBy>OLCIA</createdBy>
<createdTime>2017-10-12 19:13:42 UTC</createdTime>
<ownerDesignName>bazaDanychP</ownerDesignName>
<engineerTo>
<item key="CF059FC9-7768-4242-A27B-821D2F5BC2F2" value="true"/>
</engineerTo>
<sourcePk>FE38989E-68E7-4A4A-53DA-E7DF5856A492</sourcePk>
<identifying>true</identifying>
<optionalSource>true</optionalSource>
<optionalTarget>false</optionalTarget>
<sourceCardinality>1</sourceCardinality>
<sourceEntity>5B59D821-B343-FAE4-240B-EBA22EE8791C</sourceEntity>
<targetCardinalityString>*</targetCardinalityString>
<targetEntity>EF726DC9-57CD-D0C1-9E79-0D1B1D706AA6</targetEntity>
<transferable>true</transferable>
<deleteRule>NO ACTION</deleteRule>
</Relation>