<?xml version = '1.0' encoding = 'UTF-8'?>
<Relation class="oracle.dbtools.crest.model.design.logical.Relation" name="Relation_26" directorySegmentName="seg_0" id="8BD56D60-F59D-DA0D-CE76-D60E1BAB4366">
<createdBy>OLCIA</createdBy>
<createdTime>2017-10-12 19:13:22 UTC</createdTime>
<ownerDesignName>bazaDanychP</ownerDesignName>
<engineerTo>
<item key="CF059FC9-7768-4242-A27B-821D2F5BC2F2" value="true"/>
</engineerTo>
<sourcePk>1BFBFDF1-0057-F238-4992-A900F96DAB4B</sourcePk>
<identifying>false</identifying>
<optionalSource>true</optionalSource>
<optionalTarget>false</optionalTarget>
<sourceCardinality>1</sourceCardinality>
<sourceEntity>7FAB5C36-649F-BBD2-F8B7-0035C942B7B0</sourceEntity>
<targetCardinalityString>*</targetCardinalityString>
<targetEntity>80D507A8-17A0-629A-2D14-4ED3EBF939C6</targetEntity>
<transferable>true</transferable>
<deleteRule>NO ACTION</deleteRule>
</Relation>