<?xml version = '1.0' encoding = 'UTF-8'?>
<Relation class="oracle.dbtools.crest.model.design.logical.Relation" name="Relation_1" directorySegmentName="seg_0" id="A7301BB7-AEDE-FA57-4C8A-87FB330D4373">
<createdBy>OLCIA</createdBy>
<createdTime>2017-10-11 20:17:36 UTC</createdTime>
<ownerDesignName>bazaDanychP</ownerDesignName>
<engineerTo>
<item key="CF059FC9-7768-4242-A27B-821D2F5BC2F2" value="true"/>
</engineerTo>
<sourcePk>9E768C8D-8D63-C7D2-401B-4255E9E9E591</sourcePk>
<identifying>false</identifying>
<optionalSource>true</optionalSource>
<optionalTarget>false</optionalTarget>
<sourceCardinality>1</sourceCardinality>
<sourceEntity>BFB2E390-9D68-2DA4-568E-B4A374B23355</sourceEntity>
<targetCardinalityString>*</targetCardinalityString>
<targetEntity>2084DD60-DB7B-A889-77D6-B84D809B7071</targetEntity>
<transferable>true</transferable>
<deleteRule>NO ACTION</deleteRule>
</Relation>