<?xml version = '1.0' encoding = 'UTF-8'?>
<Relation class="oracle.dbtools.crest.model.design.logical.Relation" name="Relation_6" directorySegmentName="seg_0" id="CE869A82-DDF7-57E6-C964-A27E42C59D2B">
<createdBy>OLCIA</createdBy>
<createdTime>2017-10-11 20:19:33 UTC</createdTime>
<ownerDesignName>bazaDanychP</ownerDesignName>
<engineerTo>
<item key="CF059FC9-7768-4242-A27B-821D2F5BC2F2" value="true"/>
</engineerTo>
<sourcePk>0C25B5E6-708A-6F0A-32B7-1311CCCB465B</sourcePk>
<identifying>false</identifying>
<optionalSource>true</optionalSource>
<optionalTarget>false</optionalTarget>
<sourceCardinality>1</sourceCardinality>
<sourceEntity>D2A9E022-7B28-2687-2203-DF98B3F72106</sourceEntity>
<targetCardinalityString>*</targetCardinalityString>
<targetEntity>5B59D821-B343-FAE4-240B-EBA22EE8791C</targetEntity>
<transferable>true</transferable>
<deleteRule>NO ACTION</deleteRule>
</Relation>