<?xml version = '1.0' encoding = 'UTF-8'?>
<Relation class="oracle.dbtools.crest.model.design.logical.Relation" name="Relation_34" directorySegmentName="seg_0" id="E0F9C687-925C-807B-4C25-1D6874F3438D">
<createdBy>OLCIA</createdBy>
<createdTime>2017-10-13 12:33:56 UTC</createdTime>
<ownerDesignName>bazaDanychP</ownerDesignName>
<engineerTo>
<item key="CF059FC9-7768-4242-A27B-821D2F5BC2F2" value="true"/>
</engineerTo>
<sourcePk>9E768C8D-8D63-C7D2-401B-4255E9E9E591</sourcePk>
<identifying>false</identifying>
<optionalSource>true</optionalSource>
<optionalTarget>false</optionalTarget>
<sourceCardinality>1</sourceCardinality>
<sourceEntity>BFB2E390-9D68-2DA4-568E-B4A374B23355</sourceEntity>
<targetCardinalityString>*</targetCardinalityString>
<targetEntity>BB12CD9E-71B0-E723-07A8-6F9BC5890F9A</targetEntity>
<transferable>true</transferable>
<deleteRule>NO ACTION</deleteRule>
</Relation>