<?xml version = '1.0' encoding = 'UTF-8'?>
<Entity class="oracle.dbtools.crest.model.design.logical.Entity" directorySegmentName="seg_0" id="25F594D4-C5BD-4E7B-C935-DB3E0E9A1761" name="Receptionist">
<createdBy>OLCIA</createdBy>
<createdTime>2017-10-13 12:27:31 UTC</createdTime>
<ownerDesignName>bazaDanychP</ownerDesignName>
<engineerTo>
<item key="CF059FC9-7768-4242-A27B-821D2F5BC2F2" value="true"/>
</engineerTo>
<adequatelyNormalized>NO</adequatelyNormalized>
<expectedVolumes>0</expectedVolumes>
<fwdEngineeringStrategyName>Single Table</fwdEngineeringStrategyName>
<growthPercent>0</growthPercent>
<growthType>Year</growthType>
<maxVolumes>9999999</maxVolumes>
<minVolumes>0</minVolumes>
<normalForm>Third</normalForm>
<attributes itemClass="oracle.dbtools.crest.model.design.logical.Attribute">
<Attribute name="idReceptionist" id="5724A3B7-BAC5-E2D3-C5E5-A780ED614356">
<createdBy>OLCIA</createdBy>
<createdTime>2017-10-13 12:29:00 UTC</createdTime>
<ownerDesignName>bazaDanychP</ownerDesignName>
<engineerTo>
<item key="CF059FC9-7768-4242-A27B-821D2F5BC2F2" value="true"/>
</engineerTo>
<useDomainConstraints>false</useDomainConstraints>
<use>1</use>
<logicalDatatype>LOGDT011</logicalDatatype>
<ownDataTypeParameters>,,</ownDataTypeParameters>
</Attribute>
<Attribute name="name" id="53335B58-2EC3-AA1A-F1A7-61AA67D6D314">
<createdBy>OLCIA</createdBy>
<createdTime>2017-10-13 12:29:09 UTC</createdTime>
<ownerDesignName>bazaDanychP</ownerDesignName>
<engineerTo>
<item key="CF059FC9-7768-4242-A27B-821D2F5BC2F2" value="true"/>
</engineerTo>
<useDomainConstraints>false</useDomainConstraints>
<use>1</use>
<logicalDatatype>LOGDT024</logicalDatatype>
<dataTypeSize>45 CHAR</dataTypeSize>
<ownDataTypeParameters>45 CHAR,,</ownDataTypeParameters>
</Attribute>
<Attribute name="surname" id="D0DFD5BF-5387-0BD7-F58B-2A6F6DE4F40C">
<createdBy>OLCIA</createdBy>
<createdTime>2017-10-13 12:29:22 UTC</createdTime>
<ownerDesignName>bazaDanychP</ownerDesignName>
<engineerTo>
<item key="CF059FC9-7768-4242-A27B-821D2F5BC2F2" value="true"/>
</engineerTo>
<useDomainConstraints>false</useDomainConstraints>
<use>1</use>
<logicalDatatype>LOGDT024</logicalDatatype>
<dataTypeSize>45 CHAR</dataTypeSize>
<ownDataTypeParameters>45 CHAR,,</ownDataTypeParameters>
</Attribute>
<Attribute name="user" id="58D2E3C3-73D8-1043-C5CC-772A89E9D69F">
<createdBy>OLCIA</createdBy>
<createdTime>2017-10-13 12:30:03 UTC</createdTime>
<ownerDesignName>bazaDanychP</ownerDesignName>
<engineerTo>
<item key="CF059FC9-7768-4242-A27B-821D2F5BC2F2" value="true"/>
</engineerTo>
<useDomainConstraints>false</useDomainConstraints>
<use>1</use>
<logicalDatatype>LOGDT024</logicalDatatype>
<dataTypeSize>45 CHAR</dataTypeSize>
<ownDataTypeParameters>45 CHAR,,</ownDataTypeParameters>
</Attribute>
<Attribute name="password" id="BB7E0DAB-83BF-9A0A-0FAE-47AED451E9B4">
<createdBy>OLCIA</createdBy>
<createdTime>2017-10-13 12:30:17 UTC</createdTime>
<ownerDesignName>bazaDanychP</ownerDesignName>
<engineerTo>
<item key="CF059FC9-7768-4242-A27B-821D2F5BC2F2" value="true"/>
</engineerTo>
<useDomainConstraints>false</useDomainConstraints>
<use>1</use>
<logicalDatatype>LOGDT024</logicalDatatype>
<dataTypeSize>50 CHAR</dataTypeSize>
<ownDataTypeParameters>50 CHAR,,</ownDataTypeParameters>
</Attribute>
</attributes>
<identifiers itemClass="oracle.dbtools.crest.model.design.logical.CandidateKey">
<identifier id="6626D706-1A29-7E85-DD99-A8F5121B90D7" name="Receptionist PK">
<createdBy>OLCIA</createdBy>
<createdTime>2017-10-13 12:29:08 UTC</createdTime>
<ownerDesignName>bazaDanychP</ownerDesignName>
<engineerTo>
<item key="CF059FC9-7768-4242-A27B-821D2F5BC2F2" value="true"/>
</engineerTo>
<pk>true</pk>
<usedAttributes>
<attributeRef>5724A3B7-BAC5-E2D3-C5E5-A780ED614356</attributeRef>
</usedAttributes>
</identifier>
</identifiers>
</Entity>