<?xml version = '1.0' encoding = 'UTF-8'?>
<Entity class="oracle.dbtools.crest.model.design.logical.Entity" directorySegmentName="seg_0" id="2FD12F87-19DD-92E2-37D4-5A73473538CA" name="Nurses">
<createdBy>OLCIA</createdBy>
<createdTime>2017-10-11 19:24:03 UTC</createdTime>
<ownerDesignName>bazaDanychP</ownerDesignName>
<engineerTo>
<item key="CF059FC9-7768-4242-A27B-821D2F5BC2F2" value="true"/>
</engineerTo>
<adequatelyNormalized>NO</adequatelyNormalized>
<expectedVolumes>0</expectedVolumes>
<fwdEngineeringStrategyName>Single Table</fwdEngineeringStrategyName>
<growthPercent>0</growthPercent>
<growthType>Year</growthType>
<maxVolumes>9999999</maxVolumes>
<minVolumes>0</minVolumes>
<normalForm>Third</normalForm>
<attributes itemClass="oracle.dbtools.crest.model.design.logical.Attribute">
<Attribute name="idNurses" id="27C4CFA3-E9AF-72D5-6D05-D31EDF8BF887">
<createdBy>OLCIA</createdBy>
<createdTime>2017-10-11 19:24:08 UTC</createdTime>
<ownerDesignName>bazaDanychP</ownerDesignName>
<engineerTo>
<item key="CF059FC9-7768-4242-A27B-821D2F5BC2F2" value="true"/>
</engineerTo>
<useDomainConstraints>false</useDomainConstraints>
<use>1</use>
<logicalDatatype>LOGDT011</logicalDatatype>
<ownDataTypeParameters>,,</ownDataTypeParameters>
</Attribute>
<Attribute name="name" id="409E5E0B-1E0E-7DAB-340C-BEB465D9B716">
<createdBy>OLCIA</createdBy>
<createdTime>2017-10-11 19:24:17 UTC</createdTime>
<ownerDesignName>bazaDanychP</ownerDesignName>
<engineerTo>
<item key="CF059FC9-7768-4242-A27B-821D2F5BC2F2" value="true"/>
</engineerTo>
<useDomainConstraints>false</useDomainConstraints>
<use>1</use>
<logicalDatatype>LOGDT024</logicalDatatype>
<dataTypeSize>45 CHAR</dataTypeSize>
<ownDataTypeParameters>45 CHAR,,</ownDataTypeParameters>
</Attribute>
<Attribute name="surname" id="E8688C8F-C570-3E70-2A3F-5B17A4DBAC85">
<createdBy>OLCIA</createdBy>
<createdTime>2017-10-11 19:24:30 UTC</createdTime>
<ownerDesignName>bazaDanychP</ownerDesignName>
<engineerTo>
<item key="CF059FC9-7768-4242-A27B-821D2F5BC2F2" value="true"/>
</engineerTo>
<useDomainConstraints>false</useDomainConstraints>
<use>1</use>
<logicalDatatype>LOGDT024</logicalDatatype>
<dataTypeSize>45 CHAR</dataTypeSize>
<ownDataTypeParameters>45 CHAR,,</ownDataTypeParameters>
</Attribute>
<Attribute name="phone" id="5A84A719-2EE4-E72E-568F-720015AAD8ED">
<createdBy>OLCIA</createdBy>
<createdTime>2017-10-11 19:24:41 UTC</createdTime>
<ownerDesignName>bazaDanychP</ownerDesignName>
<engineerTo>
<item key="CF059FC9-7768-4242-A27B-821D2F5BC2F2" value="true"/>
</engineerTo>
<useDomainConstraints>false</useDomainConstraints>
<use>1</use>
<logicalDatatype>LOGDT025</logicalDatatype>
<dataTypeSize>9 CHAR</dataTypeSize>
<ownDataTypeParameters>9 CHAR,,</ownDataTypeParameters>
</Attribute>
<Attribute name="birthdate" id="8F67A106-E60C-74C4-BE3D-30EEFE3B9D69">
<createdBy>OLCIA</createdBy>
<createdTime>2017-10-11 19:24:53 UTC</createdTime>
<ownerDesignName>bazaDanychP</ownerDesignName>
<engineerTo>
<item key="CF059FC9-7768-4242-A27B-821D2F5BC2F2" value="true"/>
</engineerTo>
<useDomainConstraints>false</useDomainConstraints>
<use>1</use>
<logicalDatatype>LOGDT007</logicalDatatype>
<ownDataTypeParameters>,,</ownDataTypeParameters>
</Attribute>
<Attribute name="idSpecializations" id="0D252F4A-596D-F6B6-80EA-421929911F04">
<createdBy>OLCIA</createdBy>
<createdTime>2017-10-11 20:21:51 UTC</createdTime>
<generatorID>98CE9031-FFEB-F621-6BC2-083164724851</generatorID>
<ownerDesignName>bazaDanychP</ownerDesignName>
<engineerTo>
<item key="CF059FC9-7768-4242-A27B-821D2F5BC2F2" value="true"/>
</engineerTo>
<referedAttribute>7517D3D5-5231-D593-9419-D47227474299</referedAttribute>
<useDomainConstraints>false</useDomainConstraints>
<use>1</use>
<logicalDatatype>LOGDT011</logicalDatatype>
<ownDataTypeParameters>,,</ownDataTypeParameters>
</Attribute>
</attributes>
<identifiers itemClass="oracle.dbtools.crest.model.design.logical.CandidateKey">
<identifier id="1589266C-8627-1C14-30C4-7353B59338BE" name="Nurses PK">
<createdBy>OLCIA</createdBy>
<createdTime>2017-10-11 19:24:17 UTC</createdTime>
<ownerDesignName>bazaDanychP</ownerDesignName>
<engineerTo>
<item key="CF059FC9-7768-4242-A27B-821D2F5BC2F2" value="true"/>
</engineerTo>
<pk>true</pk>
<usedAttributes>
<attributeRef>27C4CFA3-E9AF-72D5-6D05-D31EDF8BF887</attributeRef>
<attributeRef>0D252F4A-596D-F6B6-80EA-421929911F04</attributeRef>
</usedAttributes>
</identifier>
</identifiers>
</Entity>