<?xml version = '1.0' encoding = 'UTF-8'?>
<Entity class="oracle.dbtools.crest.model.design.logical.Entity" directorySegmentName="seg_0" id="35F1893B-5A5E-9C2F-DD04-511C367620CD" name="PendingVisits">
<createdBy>OLCIA</createdBy>
<createdTime>2017-10-11 20:06:11 UTC</createdTime>
<ownerDesignName>bazaDanychP</ownerDesignName>
<engineerTo>
<item key="CF059FC9-7768-4242-A27B-821D2F5BC2F2" value="true"/>
</engineerTo>
<adequatelyNormalized>NO</adequatelyNormalized>
<expectedVolumes>0</expectedVolumes>
<fwdEngineeringStrategyName>Single Table</fwdEngineeringStrategyName>
<growthPercent>0</growthPercent>
<growthType>Year</growthType>
<maxVolumes>9999999</maxVolumes>
<minVolumes>0</minVolumes>
<normalForm>Third</normalForm>
<attributes itemClass="oracle.dbtools.crest.model.design.logical.Attribute">
<Attribute name="idPendingVisits" id="E25E043C-C156-8C10-A5B7-333DD950631F">
<createdBy>OLCIA</createdBy>
<createdTime>2017-10-11 20:06:27 UTC</createdTime>
<ownerDesignName>bazaDanychP</ownerDesignName>
<engineerTo>
<item key="CF059FC9-7768-4242-A27B-821D2F5BC2F2" value="true"/>
</engineerTo>
<useDomainConstraints>false</useDomainConstraints>
<use>1</use>
<logicalDatatype>LOGDT011</logicalDatatype>
<ownDataTypeParameters>,,</ownDataTypeParameters>
</Attribute>
<Attribute name="date" id="B03BB6D1-01F3-B0B4-6B75-015A1ED00A0D">
<createdBy>OLCIA</createdBy>
<createdTime>2017-10-11 20:06:39 UTC</createdTime>
<ownerDesignName>bazaDanychP</ownerDesignName>
<engineerTo>
<item key="CF059FC9-7768-4242-A27B-821D2F5BC2F2" value="true"/>
</engineerTo>
<useDomainConstraints>false</useDomainConstraints>
<use>1</use>
<logicalDatatype>LOGDT007</logicalDatatype>
<ownDataTypeParameters>,,</ownDataTypeParameters>
</Attribute>
<Attribute name="priority" id="E399E727-7A2C-3DEB-718F-1C4B5C2B77FE">
<createdBy>OLCIA</createdBy>
<createdTime>2017-10-11 20:06:46 UTC</createdTime>
<ownerDesignName>bazaDanychP</ownerDesignName>
<engineerTo>
<item key="CF059FC9-7768-4242-A27B-821D2F5BC2F2" value="true"/>
</engineerTo>
<useDomainConstraints>false</useDomainConstraints>
<use>1</use>
<logicalDatatype>LOGDT011</logicalDatatype>
<ownDataTypeParameters>,,</ownDataTypeParameters>
</Attribute>
<Attribute name="time" id="0758CBA7-D51A-45B1-1997-5E385763E772">
<createdBy>OLCIA</createdBy>
<createdTime>2017-10-11 20:07:02 UTC</createdTime>
<ownerDesignName>bazaDanychP</ownerDesignName>
<engineerTo>
<item key="CF059FC9-7768-4242-A27B-821D2F5BC2F2" value="true"/>
</engineerTo>
<useDomainConstraints>false</useDomainConstraints>
<use>1</use>
<logicalDatatype>LOGDT008</logicalDatatype>
<ownDataTypeParameters>,,</ownDataTypeParameters>
</Attribute>
<Attribute name="idVisits" id="39614FDC-9B86-BAD3-13EF-D9A36881D0DD">
<createdBy>OLCIA</createdBy>
<createdTime>2017-10-11 20:19:45 UTC</createdTime>
<generatorID>2929F200-76F8-D43B-9F08-906F01BE6FC3</generatorID>
<ownerDesignName>bazaDanychP</ownerDesignName>
<engineerTo>
<item key="CF059FC9-7768-4242-A27B-821D2F5BC2F2" value="true"/>
</engineerTo>
<referedAttribute>3E4A4E18-19C2-BC79-74C8-CD0C455CAE20</referedAttribute>
<useDomainConstraints>false</useDomainConstraints>
<use>1</use>
<logicalDatatype>LOGDT011</logicalDatatype>
<ownDataTypeParameters>,,</ownDataTypeParameters>
</Attribute>
<Attribute name="idReceptionist" id="17D956C6-CCC1-C1EB-3121-095E378B4411">
<createdBy>OLCIA</createdBy>
<createdTime>2017-10-13 12:39:11 UTC</createdTime>
<generatorID>02DB328E-B25E-3396-8725-07BC6F09D2D1</generatorID>
<ownerDesignName>bazaDanychP</ownerDesignName>
<engineerTo>
<item key="CF059FC9-7768-4242-A27B-821D2F5BC2F2" value="true"/>
</engineerTo>
<referedAttribute>5724A3B7-BAC5-E2D3-C5E5-A780ED614356</referedAttribute>
<useDomainConstraints>false</useDomainConstraints>
<use>1</use>
<logicalDatatype>LOGDT011</logicalDatatype>
<ownDataTypeParameters>,,</ownDataTypeParameters>
</Attribute>
</attributes>
<identifiers itemClass="oracle.dbtools.crest.model.design.logical.CandidateKey">
<identifier id="97BA0496-B697-98CE-0A35-867E71F86110" name="PendingVisits PK">
<createdBy>OLCIA</createdBy>
<createdTime>2017-10-11 20:06:39 UTC</createdTime>
<ownerDesignName>bazaDanychP</ownerDesignName>
<engineerTo>
<item key="CF059FC9-7768-4242-A27B-821D2F5BC2F2" value="true"/>
</engineerTo>
<pk>true</pk>
<usedAttributes>
<attributeRef>E25E043C-C156-8C10-A5B7-333DD950631F</attributeRef>
</usedAttributes>
</identifier>
</identifiers>
</Entity>