<?xml version = '1.0' encoding = 'UTF-8'?>
<Entity class="oracle.dbtools.crest.model.design.logical.Entity" directorySegmentName="seg_0" id="7E341492-D1FF-560E-8CC0-2985EF34FA68" name="PatientHealthCards">
<createdBy>OLCIA</createdBy>
<createdTime>2017-10-11 20:07:25 UTC</createdTime>
<ownerDesignName>bazaDanychP</ownerDesignName>
<engineerTo>
<item key="CF059FC9-7768-4242-A27B-821D2F5BC2F2" value="true"/>
</engineerTo>
<adequatelyNormalized>NO</adequatelyNormalized>
<expectedVolumes>0</expectedVolumes>
<fwdEngineeringStrategyName>Single Table</fwdEngineeringStrategyName>
<growthPercent>0</growthPercent>
<growthType>Year</growthType>
<maxVolumes>9999999</maxVolumes>
<minVolumes>0</minVolumes>
<normalForm>Third</normalForm>
<attributes itemClass="oracle.dbtools.crest.model.design.logical.Attribute">
<Attribute name="idPatientHealthCards" id="A3F5EB58-C22B-CC49-8EA8-7F2DC268A633">
<createdBy>OLCIA</createdBy>
<createdTime>2017-10-11 20:07:38 UTC</createdTime>
<ownerDesignName>bazaDanychP</ownerDesignName>
<engineerTo>
<item key="CF059FC9-7768-4242-A27B-821D2F5BC2F2" value="true"/>
</engineerTo>
<useDomainConstraints>false</useDomainConstraints>
<use>1</use>
<logicalDatatype>LOGDT011</logicalDatatype>
<ownDataTypeParameters>,,</ownDataTypeParameters>
</Attribute>
<Attribute name="weight" id="C12AA7C2-B075-FE3B-7605-39F48C372A7C">
<createdBy>OLCIA</createdBy>
<createdTime>2017-10-11 20:07:51 UTC</createdTime>
<ownerDesignName>bazaDanychP</ownerDesignName>
<engineerTo>
<item key="CF059FC9-7768-4242-A27B-821D2F5BC2F2" value="true"/>
</engineerTo>
<useDomainConstraints>false</useDomainConstraints>
<use>1</use>
<logicalDatatype>LOGDT011</logicalDatatype>
<ownDataTypeParameters>,,</ownDataTypeParameters>
</Attribute>
<Attribute name="growth" id="9860D195-E1F4-3C7E-30E9-6F302ACE88AE">
<createdBy>OLCIA</createdBy>
<createdTime>2017-10-11 20:08:09 UTC</createdTime>
<ownerDesignName>bazaDanychP</ownerDesignName>
<engineerTo>
<item key="CF059FC9-7768-4242-A27B-821D2F5BC2F2" value="true"/>
</engineerTo>
<useDomainConstraints>false</useDomainConstraints>
<use>1</use>
<logicalDatatype>LOGDT011</logicalDatatype>
<ownDataTypeParameters>,,</ownDataTypeParameters>
</Attribute>
<Attribute name="idPendingVisits" id="CC61C585-A2C2-2852-B586-B5F5DAFBFFA3">
<createdBy>OLCIA</createdBy>
<createdTime>2017-10-11 20:22:08 UTC</createdTime>
<generatorID>93CCB47F-EF96-8C0E-1D08-6EF6208EBA1D</generatorID>
<ownerDesignName>bazaDanychP</ownerDesignName>
<engineerTo>
<item key="CF059FC9-7768-4242-A27B-821D2F5BC2F2" value="true"/>
</engineerTo>
<referedAttribute>E25E043C-C156-8C10-A5B7-333DD950631F</referedAttribute>
<useDomainConstraints>false</useDomainConstraints>
<use>1</use>
<logicalDatatype>LOGDT011</logicalDatatype>
<ownDataTypeParameters>,,</ownDataTypeParameters>
</Attribute>
</attributes>
<identifiers itemClass="oracle.dbtools.crest.model.design.logical.CandidateKey">
<identifier id="27A9B94B-0EBA-167A-3A39-8B83177694A5" name="PatientHealthCards PK">
<createdBy>OLCIA</createdBy>
<createdTime>2017-10-11 20:07:50 UTC</createdTime>
<ownerDesignName>bazaDanychP</ownerDesignName>
<engineerTo>
<item key="CF059FC9-7768-4242-A27B-821D2F5BC2F2" value="true"/>
</engineerTo>
<pk>true</pk>
<usedAttributes>
<attributeRef>A3F5EB58-C22B-CC49-8EA8-7F2DC268A633</attributeRef>
</usedAttributes>
</identifier>
</identifiers>
</Entity>