<?xml version = '1.0' encoding = 'UTF-8'?>
<Entity class="oracle.dbtools.crest.model.design.logical.Entity" directorySegmentName="seg_0" id="BB12CD9E-71B0-E723-07A8-6F9BC5890F9A" name="Duty">
<createdBy>OLCIA</createdBy>
<createdTime>2017-10-13 12:32:55 UTC</createdTime>
<ownerDesignName>bazaDanychP</ownerDesignName>
<engineerTo>
<item key="CF059FC9-7768-4242-A27B-821D2F5BC2F2" value="true"/>
</engineerTo>
<adequatelyNormalized>NO</adequatelyNormalized>
<expectedVolumes>0</expectedVolumes>
<fwdEngineeringStrategyName>Single Table</fwdEngineeringStrategyName>
<growthPercent>0</growthPercent>
<growthType>Year</growthType>
<maxVolumes>9999999</maxVolumes>
<minVolumes>0</minVolumes>
<normalForm>Third</normalForm>
<attributes itemClass="oracle.dbtools.crest.model.design.logical.Attribute">
<Attribute name="idDuty" id="AE4A39DA-4FFA-67FA-D6A1-A9BB56FF224B">
<createdBy>OLCIA</createdBy>
<createdTime>2017-10-13 12:33:06 UTC</createdTime>
<ownerDesignName>bazaDanychP</ownerDesignName>
<engineerTo>
<item key="CF059FC9-7768-4242-A27B-821D2F5BC2F2" value="true"/>
</engineerTo>
<useDomainConstraints>false</useDomainConstraints>
<use>1</use>
<logicalDatatype>LOGDT011</logicalDatatype>
<ownDataTypeParameters>,,</ownDataTypeParameters>
</Attribute>
<Attribute name="date" id="3F9B9AD5-8AE3-CEC9-27A0-D818CA57D7E9">
<createdBy>OLCIA</createdBy>
<createdTime>2017-10-13 12:33:21 UTC</createdTime>
<ownerDesignName>bazaDanychP</ownerDesignName>
<engineerTo>
<item key="CF059FC9-7768-4242-A27B-821D2F5BC2F2" value="true"/>
</engineerTo>
<useDomainConstraints>false</useDomainConstraints>
<use>1</use>
<logicalDatatype>LOGDT007</logicalDatatype>
<ownDataTypeParameters>,,</ownDataTypeParameters>
</Attribute>
<Attribute name="time" id="DFD84C81-5C68-F1D0-737F-41DB17662FA1">
<createdBy>OLCIA</createdBy>
<createdTime>2017-10-13 12:33:26 UTC</createdTime>
<ownerDesignName>bazaDanychP</ownerDesignName>
<engineerTo>
<item key="CF059FC9-7768-4242-A27B-821D2F5BC2F2" value="true"/>
</engineerTo>
<useDomainConstraints>false</useDomainConstraints>
<use>1</use>
<logicalDatatype>LOGDT014</logicalDatatype>
<ownDataTypeParameters>,,</ownDataTypeParameters>
</Attribute>
<Attribute name="idDoctors" id="15C14829-E9AC-5744-9B7F-0E5A4A8666DE">
<createdBy>OLCIA</createdBy>
<createdTime>2017-10-13 12:33:56 UTC</createdTime>
<generatorID>E0F9C687-925C-807B-4C25-1D6874F3438D</generatorID>
<ownerDesignName>bazaDanychP</ownerDesignName>
<engineerTo>
<item key="CF059FC9-7768-4242-A27B-821D2F5BC2F2" value="true"/>
</engineerTo>
<referedAttribute>74CEBE53-E766-8376-F050-A124EEA2E630</referedAttribute>
<useDomainConstraints>false</useDomainConstraints>
<use>1</use>
<logicalDatatype>LOGDT011</logicalDatatype>
<ownDataTypeParameters>,,</ownDataTypeParameters>
</Attribute>
</attributes>
<identifiers itemClass="oracle.dbtools.crest.model.design.logical.CandidateKey">
<identifier id="308EE607-E6D2-9878-9EAA-99295B4156D7" name="Duty PK">
<createdBy>OLCIA</createdBy>
<createdTime>2017-10-13 12:33:19 UTC</createdTime>
<ownerDesignName>bazaDanychP</ownerDesignName>
<engineerTo>
<item key="CF059FC9-7768-4242-A27B-821D2F5BC2F2" value="true"/>
</engineerTo>
<pk>true</pk>
<usedAttributes>
<attributeRef>AE4A39DA-4FFA-67FA-D6A1-A9BB56FF224B</attributeRef>
</usedAttributes>
</identifier>
</identifiers>
</Entity>