<?xml version = '1.0' encoding = 'UTF-8'?>
<Entity class="oracle.dbtools.crest.model.design.logical.Entity" directorySegmentName="seg_0" id="BFB2E390-9D68-2DA4-568E-B4A374B23355" name="Doctors">
<createdBy>OLCIA</createdBy>
<createdTime>2017-10-11 19:21:18 UTC</createdTime>
<ownerDesignName>bazaDanychP</ownerDesignName>
<engineerTo>
<item key="CF059FC9-7768-4242-A27B-821D2F5BC2F2" value="true"/>
</engineerTo>
<adequatelyNormalized>NO</adequatelyNormalized>
<expectedVolumes>0</expectedVolumes>
<fwdEngineeringStrategyName>Single Table</fwdEngineeringStrategyName>
<growthPercent>0</growthPercent>
<growthType>Year</growthType>
<maxVolumes>9999999</maxVolumes>
<minVolumes>0</minVolumes>
<normalForm>Third</normalForm>
<attributes itemClass="oracle.dbtools.crest.model.design.logical.Attribute">
<Attribute name="idDoctors" id="74CEBE53-E766-8376-F050-A124EEA2E630">
<createdBy>OLCIA</createdBy>
<createdTime>2017-10-11 19:21:23 UTC</createdTime>
<ownerDesignName>bazaDanychP</ownerDesignName>
<engineerTo>
<item key="CF059FC9-7768-4242-A27B-821D2F5BC2F2" value="true"/>
</engineerTo>
<useDomainConstraints>false</useDomainConstraints>
<use>1</use>
<logicalDatatype>LOGDT011</logicalDatatype>
<ownDataTypeParameters>,,</ownDataTypeParameters>
</Attribute>
<Attribute name="name" id="11F3427B-6F86-F173-325D-D7B004834AA1">
<createdBy>OLCIA</createdBy>
<createdTime>2017-10-11 19:21:31 UTC</createdTime>
<ownerDesignName>bazaDanychP</ownerDesignName>
<engineerTo>
<item key="CF059FC9-7768-4242-A27B-821D2F5BC2F2" value="true"/>
</engineerTo>
<useDomainConstraints>false</useDomainConstraints>
<use>1</use>
<logicalDatatype>LOGDT024</logicalDatatype>
<dataTypeSize>45 CHAR</dataTypeSize>
<ownDataTypeParameters>45 CHAR,,</ownDataTypeParameters>
</Attribute>
<Attribute name="surname" id="80AF1BB9-16F7-EA08-7276-512B38B6E28A">
<createdBy>OLCIA</createdBy>
<createdTime>2017-10-11 19:21:46 UTC</createdTime>
<ownerDesignName>bazaDanychP</ownerDesignName>
<engineerTo>
<item key="CF059FC9-7768-4242-A27B-821D2F5BC2F2" value="true"/>
</engineerTo>
<useDomainConstraints>false</useDomainConstraints>
<use>1</use>
<logicalDatatype>LOGDT024</logicalDatatype>
<dataTypeSize>45 CHAR</dataTypeSize>
<ownDataTypeParameters>45 CHAR,,</ownDataTypeParameters>
</Attribute>
<Attribute name="phone" id="116AF1D1-0846-A98E-33E6-6DA90838CA09">
<createdBy>OLCIA</createdBy>
<createdTime>2017-10-11 19:21:59 UTC</createdTime>
<ownerDesignName>bazaDanychP</ownerDesignName>
<engineerTo>
<item key="CF059FC9-7768-4242-A27B-821D2F5BC2F2" value="true"/>
</engineerTo>
<useDomainConstraints>false</useDomainConstraints>
<use>1</use>
<logicalDatatype>LOGDT025</logicalDatatype>
<dataTypeSize>9 CHAR</dataTypeSize>
<ownDataTypeParameters>9 CHAR,,</ownDataTypeParameters>
</Attribute>
<Attribute name="birthdate" id="407F8387-2728-BDE1-42EB-66168B574DC8">
<createdBy>OLCIA</createdBy>
<createdTime>2017-10-11 19:22:13 UTC</createdTime>
<ownerDesignName>bazaDanychP</ownerDesignName>
<engineerTo>
<item key="CF059FC9-7768-4242-A27B-821D2F5BC2F2" value="true"/>
</engineerTo>
<useDomainConstraints>false</useDomainConstraints>
<use>1</use>
<logicalDatatype>LOGDT007</logicalDatatype>
<ownDataTypeParameters>,,</ownDataTypeParameters>
</Attribute>
<Attribute name="user" id="0A3FC2BD-8F19-2207-BCAD-66C6122D22BA">
<createdBy>OLCIA</createdBy>
<createdTime>2017-10-11 19:22:22 UTC</createdTime>
<ownerDesignName>bazaDanychP</ownerDesignName>
<engineerTo>
<item key="CF059FC9-7768-4242-A27B-821D2F5BC2F2" value="true"/>
</engineerTo>
<useDomainConstraints>false</useDomainConstraints>
<use>1</use>
<logicalDatatype>LOGDT024</logicalDatatype>
<dataTypeSize>45 CHAR</dataTypeSize>
<ownDataTypeParameters>45 CHAR,,</ownDataTypeParameters>
</Attribute>
<Attribute name="password" id="14E5DBE5-1ADD-8BF4-EFDD-C0CA9860DD29">
<createdBy>OLCIA</createdBy>
<createdTime>2017-10-11 19:22:39 UTC</createdTime>
<ownerDesignName>bazaDanychP</ownerDesignName>
<engineerTo>
<item key="CF059FC9-7768-4242-A27B-821D2F5BC2F2" value="true"/>
</engineerTo>
<useDomainConstraints>false</useDomainConstraints>
<use>1</use>
<logicalDatatype>LOGDT024</logicalDatatype>
<dataTypeSize>45 CHAR</dataTypeSize>
<ownDataTypeParameters>45 CHAR,,</ownDataTypeParameters>
</Attribute>
<Attribute name="idRooms" id="DC74B1D6-22C6-E284-D095-B9D9277ACD47">
<createdBy>OLCIA</createdBy>
<createdTime>2017-10-13 12:40:13 UTC</createdTime>
<generatorID>22EB6263-FA76-4BA6-B5D3-D340E41ADDB1</generatorID>
<ownerDesignName>bazaDanychP</ownerDesignName>
<engineerTo>
<item key="CF059FC9-7768-4242-A27B-821D2F5BC2F2" value="true"/>
</engineerTo>
<referedAttribute>284DFE61-1F3E-1DFB-A4FA-A14338A564AF</referedAttribute>
<useDomainConstraints>false</useDomainConstraints>
<use>1</use>
<logicalDatatype>LOGDT011</logicalDatatype>
<ownDataTypeParameters>,,</ownDataTypeParameters>
</Attribute>
</attributes>
<identifiers itemClass="oracle.dbtools.crest.model.design.logical.CandidateKey">
<identifier id="9E768C8D-8D63-C7D2-401B-4255E9E9E591" name="Doctors PK">
<createdBy>OLCIA</createdBy>
<createdTime>2017-10-11 19:21:30 UTC</createdTime>
<ownerDesignName>bazaDanychP</ownerDesignName>
<engineerTo>
<item key="CF059FC9-7768-4242-A27B-821D2F5BC2F2" value="true"/>
</engineerTo>
<pk>true</pk>
<usedAttributes>
<attributeRef>74CEBE53-E766-8376-F050-A124EEA2E630</attributeRef>
</usedAttributes>
</identifier>
</identifiers>
</Entity>