<?xml version = '1.0' encoding = 'UTF-8'?>
<Entity class="oracle.dbtools.crest.model.design.logical.Entity" directorySegmentName="seg_0" id="EF726DC9-57CD-D0C1-9E79-0D1B1D706AA6" name="Visits-Drug">
<createdBy>OLCIA</createdBy>
<createdTime>2017-10-12 19:11:59 UTC</createdTime>
<ownerDesignName>bazaDanychP</ownerDesignName>
<engineerTo>
<item key="CF059FC9-7768-4242-A27B-821D2F5BC2F2" value="true"/>
</engineerTo>
<adequatelyNormalized>NO</adequatelyNormalized>
<expectedVolumes>0</expectedVolumes>
<fwdEngineeringStrategyName>Single Table</fwdEngineeringStrategyName>
<growthPercent>0</growthPercent>
<growthType>Year</growthType>
<maxVolumes>9999999</maxVolumes>
<minVolumes>0</minVolumes>
<normalForm>Third</normalForm>
<attributes itemClass="oracle.dbtools.crest.model.design.logical.Attribute">
<Attribute name="dosage" id="37642BBA-E873-965A-E8D0-9E2D630F1842">
<createdBy>OLCIA</createdBy>
<createdTime>2017-10-12 19:12:17 UTC</createdTime>
<ownerDesignName>bazaDanychP</ownerDesignName>
<engineerTo>
<item key="CF059FC9-7768-4242-A27B-821D2F5BC2F2" value="true"/>
</engineerTo>
<useDomainConstraints>false</useDomainConstraints>
<use>1</use>
<logicalDatatype>LOGDT040</logicalDatatype>
<ownDataTypeParameters>,,</ownDataTypeParameters>
</Attribute>
<Attribute name="idDrug" id="50BC5F64-C98D-2955-CF04-FE81E037B397">
<createdBy>OLCIA</createdBy>
<createdTime>2017-10-12 19:13:33 UTC</createdTime>
<generatorID>6DDA2A51-2033-7518-BBFF-790233852B0F</generatorID>
<ownerDesignName>bazaDanychP</ownerDesignName>
<engineerTo>
<item key="CF059FC9-7768-4242-A27B-821D2F5BC2F2" value="true"/>
</engineerTo>
<referedAttribute>18256E1C-7250-44EA-819E-7737C4ECF232</referedAttribute>
<useDomainConstraints>false</useDomainConstraints>
<use>1</use>
<logicalDatatype>LOGDT011</logicalDatatype>
<ownDataTypeParameters>,,</ownDataTypeParameters>
</Attribute>
<Attribute name="idVisits" id="AA444D7D-B2A1-06E6-B745-F4E7964440EC">
<createdBy>OLCIA</createdBy>
<createdTime>2017-10-12 19:13:42 UTC</createdTime>
<generatorID>7AA5AC9D-FC6B-67F9-9529-AC3833DFA69D</generatorID>
<ownerDesignName>bazaDanychP</ownerDesignName>
<engineerTo>
<item key="CF059FC9-7768-4242-A27B-821D2F5BC2F2" value="true"/>
</engineerTo>
<referedAttribute>3E4A4E18-19C2-BC79-74C8-CD0C455CAE20</referedAttribute>
<useDomainConstraints>false</useDomainConstraints>
<use>1</use>
<logicalDatatype>LOGDT011</logicalDatatype>
<ownDataTypeParameters>,,</ownDataTypeParameters>
</Attribute>
</attributes>
<identifiers itemClass="oracle.dbtools.crest.model.design.logical.CandidateKey">
<identifier id="83E8D931-7D55-B0B5-4DF1-55CC630AD693" name="Visits-Drug PK">
<createdBy>OLCIA</createdBy>
<createdTime>2017-10-12 19:13:33 UTC</createdTime>
<ownerDesignName>bazaDanychP</ownerDesignName>
<engineerTo>
<item key="CF059FC9-7768-4242-A27B-821D2F5BC2F2" value="true"/>
</engineerTo>
<pk>true</pk>
<usedAttributes>
<attributeRef>50BC5F64-C98D-2955-CF04-FE81E037B397</attributeRef>
<attributeRef>AA444D7D-B2A1-06E6-B745-F4E7964440EC</attributeRef>
</usedAttributes>
</identifier>
</identifiers>
</Entity>