<?xml version = '1.0' encoding = 'UTF-8'?>
<Diagram class="oracle.dbtools.crest.swingui.logical.DPVLogical" name="Logical" id="70FE275C-960C-772E-1ABB-8A62AE6B5A41">
<createdBy>OLCIA</createdBy>
<modifiedBy>OLCIA</modifiedBy>
<createdTime>2017-10-11 19:11:41 UTC</createdTime>
<autoRoute>false</autoRoute>
<boxInbox>true</boxInbox>
<showLegend>false</showLegend>
<showLabels>false</showLabels>
<showRelAttributes>false</showRelAttributes>
<gridEnabled>false</gridEnabled>
<showGrid>false</showGrid>
<diagramColor>-1</diagramColor>
<display>false</display>
<notation>1</notation>
<objectViews>
<OView class="oracle.dbtools.crest.swingui.logical.TVEntity" oid="25F594D4-C5BD-4E7B-C935-DB3E0E9A1761" otype="Entity" vid="D3710D98-4684-A472-12A0-32C5765F9F00">
<hideElementsInCurrentOnly>false</hideElementsInCurrentOnly>
<bounds x="355" y="10" width="118" height="92"/>
</OView>
<OView class="oracle.dbtools.crest.swingui.logical.TVEntity" oid="295E39E5-5CF3-7FF6-4D7D-53AAF16713C6" otype="Entity" vid="9D7641EB-1171-5249-475B-EE37823F9921">
<hideElementsInCurrentOnly>false</hideElementsInCurrentOnly>
<bounds x="1045" y="55" width="131" height="54"/>
</OView>
<OView class="oracle.dbtools.crest.swingui.logical.TVEntity" oid="35F1893B-5A5E-9C2F-DD04-511C367620CD" otype="Entity" vid="06F1394D-75E7-2B25-D96F-94CC9AFB6295">
<hideElementsInCurrentOnly>false</hideElementsInCurrentOnly>
<bounds x="347" y="201" width="138" height="86"/>
</OView>
<OView class="oracle.dbtools.crest.swingui.logical.TVEntity" oid="5B59D821-B343-FAE4-240B-EBA22EE8791C" otype="Entity" vid="077FCCA5-F061-105C-6ACC-DE64992F977D">
<hideElementsInCurrentOnly>false</hideElementsInCurrentOnly>
<bounds x="705" y="319" width="170" height="95"/>
</OView>
<OView class="oracle.dbtools.crest.swingui.logical.TVEntity" oid="A99E5224-2F25-058F-7770-0BA41F440A52" otype="Entity" vid="CCBDDABB-69F9-CB6A-64E2-3999BDAE8274">
<hideElementsInCurrentOnly>false</hideElementsInCurrentOnly>
<bounds x="12" y="10" width="88" height="69"/>
</OView>
<OView class="oracle.dbtools.crest.swingui.logical.TVEntity" oid="BB12CD9E-71B0-E723-07A8-6F9BC5890F9A" otype="Entity" vid="5F82CB49-F8F4-69C3-6F67-4F8B39C1A35C">
<hideElementsInCurrentOnly>false</hideElementsInCurrentOnly>
<bounds x="565" y="36" width="100" height="70"/>
</OView>
<OView class="oracle.dbtools.crest.swingui.logical.TVEntity" oid="BC483FE0-0BDA-916D-CBE2-D5FB1D7D88AB" otype="Entity" vid="9683CB19-37F4-24C9-9AB9-DE93EFB1F179">
<hideElementsInCurrentOnly>false</hideElementsInCurrentOnly>
<bounds x="27" y="329" width="112" height="110"/>
</OView>
<OView class="oracle.dbtools.crest.swingui.logical.TVEntity" oid="BFB2E390-9D68-2DA4-568E-B4A374B23355" otype="Entity" vid="27339103-67DC-F71B-E518-C32A8F6616C4">
<hideElementsInCurrentOnly>false</hideElementsInCurrentOnly>
<bounds x="749" y="17" width="170" height="123"/>
</OView>
<OView class="oracle.dbtools.crest.swingui.logical.TVEntity" oid="D2A9E022-7B28-2687-2203-DF98B3F72106" otype="Entity" vid="1041749D-1FAF-0FC5-6424-37F3FAD7ED60">
<hideElementsInCurrentOnly>false</hideElementsInCurrentOnly>
<bounds x="291" y="334" width="170" height="181"/>
</OView>
<OView class="oracle.dbtools.crest.swingui.logical.TVEntity" oid="DF32F686-5D89-3711-C10C-28AF06F3F3FB" otype="Entity" vid="BD1CA426-CEFF-ECD0-FACD-4BCEF53C3406">
<hideElementsInCurrentOnly>false</hideElementsInCurrentOnly>
<bounds x="1047" y="295" width="117" height="80"/>
</OView>
</objectViews>
<connectors>
<Connector class="oracle.dbtools.crest.swingui.logical.TVRelation" oid="02DB328E-B25E-3396-8725-07BC6F09D2D1" otype="Relation" vid_source="D3710D98-4684-A472-12A0-32C5765F9F00" vid_target="06F1394D-75E7-2B25-D96F-94CC9AFB6295">
<hideElementsInCurrentOnly>false</hideElementsInCurrentOnly>
<lineWidth>1</lineWidth>
<points>
<point x="414" y="102"/>
<point x="414" y="201"/>
</points>
</Connector>
<Connector class="oracle.dbtools.crest.swingui.logical.TVRelation" oid="0FF9068D-B722-28F3-F159-F737C9109124" otype="Relation" vid_source="27339103-67DC-F71B-E518-C32A8F6616C4" vid_target="077FCCA5-F061-105C-6ACC-DE64992F977D">
<hideElementsInCurrentOnly>false</hideElementsInCurrentOnly>
<lineWidth>1</lineWidth>
<points>
<point x="812" y="140"/>
<point x="812" y="319"/>
</points>
</Connector>
<Connector class="oracle.dbtools.crest.swingui.logical.TVRelation" oid="13EDD78F-1187-E972-150A-4400CE741BD6" otype="Relation" vid_source="27339103-67DC-F71B-E518-C32A8F6616C4" vid_target="9D7641EB-1171-5249-475B-EE37823F9921">
<hideElementsInCurrentOnly>false</hideElementsInCurrentOnly>
<lineWidth>1</lineWidth>
<points>
<point x="919" y="82"/>
<point x="1045" y="82"/>
</points>
</Connector>
<Connector class="oracle.dbtools.crest.swingui.logical.TVRelation" oid="1FFB90AA-2387-0808-EF0E-51C349189885" otype="Relation" vid_source="BD1CA426-CEFF-ECD0-FACD-4BCEF53C3406" vid_target="077FCCA5-F061-105C-6ACC-DE64992F977D">
<hideElementsInCurrentOnly>false</hideElementsInCurrentOnly>
<lineWidth>1</lineWidth>
<points>
<point x="1047" y="347"/>
<point x="875" y="347"/>
</points>
</Connector>
<Connector class="oracle.dbtools.crest.swingui.logical.TVRelation" oid="22EB6263-FA76-4BA6-B5D3-D340E41ADDB1" otype="Relation" vid_source="BD1CA426-CEFF-ECD0-FACD-4BCEF53C3406" vid_target="27339103-67DC-F71B-E518-C32A8F6616C4">
<hideElementsInCurrentOnly>false</hideElementsInCurrentOnly>
<lineWidth>1</lineWidth>
<points>
<point x="1105" y="295"/>
<point x="834" y="140"/>
</points>
</Connector>
<Connector class="oracle.dbtools.crest.swingui.logical.TVRelation" oid="2929F200-76F8-D43B-9F08-906F01BE6FC3" otype="Relation" vid_source="077FCCA5-F061-105C-6ACC-DE64992F977D" vid_target="06F1394D-75E7-2B25-D96F-94CC9AFB6295">
<hideElementsInCurrentOnly>false</hideElementsInCurrentOnly>
<lineWidth>1</lineWidth>
<points>
<point x="705" y="366"/>
<point x="485" y="244"/>
</points>
</Connector>
<Connector class="oracle.dbtools.crest.swingui.logical.TVRelation" oid="7E6F8FD2-585A-34F6-8568-4A2A69936C94" otype="Relation" vid_source="1041749D-1FAF-0FC5-6424-37F3FAD7ED60" vid_target="9683CB19-37F4-24C9-9AB9-DE93EFB1F179">
<hideElementsInCurrentOnly>false</hideElementsInCurrentOnly>
<lineWidth>1</lineWidth>
<points>
<point x="291" y="386"/>
<point x="139" y="386"/>
</points>
</Connector>
<Connector class="oracle.dbtools.crest.swingui.logical.TVRelation" oid="CE869A82-DDF7-57E6-C964-A27E42C59D2B" otype="Relation" vid_source="1041749D-1FAF-0FC5-6424-37F3FAD7ED60" vid_target="077FCCA5-F061-105C-6ACC-DE64992F977D">
<hideElementsInCurrentOnly>false</hideElementsInCurrentOnly>
<lineWidth>1</lineWidth>
<points>
<point x="461" y="374"/>
<point x="705" y="374"/>
</points>
</Connector>
<Connector class="oracle.dbtools.crest.swingui.logical.TVRelation" oid="E0F9C687-925C-807B-4C25-1D6874F3438D" otype="Relation" vid_source="27339103-67DC-F71B-E518-C32A8F6616C4" vid_target="5F82CB49-F8F4-69C3-6F67-4F8B39C1A35C">
<hideElementsInCurrentOnly>false</hideElementsInCurrentOnly>
<lineWidth>1</lineWidth>
<points>
<point x="749" y="71"/>
<point x="665" y="71"/>
</points>
</Connector>
</connectors>
</Diagram>